datetime,day_ahead_price,imbalance_price,load_actual,load_forecast
2025-11-17 00:00:00+01:00,90.51,452.92,14700.0,15124.229
2025-11-17 00:15:00+01:00,92.36,442.48,14550.0,14889.97
2025-11-17 00:30:00+01:00,91.6,455.47,14450.0,14785.548
2025-11-17 00:45:00+01:00,94.86,429.76,14350.0,14628.176
2025-11-17 01:00:00+01:00,99.26,502.04,14300.0,14598.93
2025-11-17 01:15:00+01:00,99.42,511.26,14250.0,14410.849
2025-11-17 01:30:00+01:00,99.38,477.86,14200.0,14279.41
2025-11-17 01:45:00+01:00,99.06,483.38,14150.0,14236.441
2025-11-17 02:00:00+01:00,99.44,505.0,14100.0,14213.151
2025-11-17 02:15:00+01:00,99.49,493.34,14100.0,14149.461
2025-11-17 02:30:00+01:00,99.52,460.42,14100.0,14113.804
2025-11-17 02:45:00+01:00,99.68,-14.86,14100.0,14070.648
2025-11-17 03:00:00+01:00,99.35,419.99,14100.0,14238.991
2025-11-17 03:15:00+01:00,96.62,408.45,14100.0,14293.734
2025-11-17 03:30:00+01:00,98.59,416.78,14200.0,14237.891
2025-11-17 03:45:00+01:00,99.63,421.18,14350.0,14353.204
2025-11-17 04:00:00+01:00,100.21,423.63,14500.0,14572.722
2025-11-17 04:15:00+01:00,100.32,463.0,14800.0,14532.552
2025-11-17 04:30:00+01:00,102.57,469.13,14950.0,14931.952
2025-11-17 04:45:00+01:00,104.45,464.82,15200.0,15149.931
2025-11-17 05:00:00+01:00,106.52,450.3,15600.0,15556.304
2025-11-17 05:15:00+01:00,104.44,504.22,16000.0,15898.402
2025-11-17 05:30:00+01:00,91.03,464.82,16600.0,16353.012
2025-11-17 05:45:00+01:00,100.95,469.14,17450.0,17224.83
2025-11-17 06:00:00+01:00,96.72,569.36,18800.0,18728.962
2025-11-17 06:15:00+01:00,106.82,559.52,19350.0,19409.045
2025-11-17 06:30:00+01:00,131.28,560.76,19900.0,19944.334
2025-11-17 06:45:00+01:00,120.83,612.27,20450.0,20222.405
2025-11-17 07:00:00+01:00,112.04,622.83,20950.0,21032.158
2025-11-17 07:15:00+01:00,117.35,622.83,21350.0,21263.73
2025-11-17 07:30:00+01:00,128.45,623.52,21650.0,21482.916
2025-11-17 07:45:00+01:00,120.65,621.25,21850.0,21810.277
2025-11-17 08:00:00+01:00,151.52,640.54,22250.0,22131.777
2025-11-17 08:15:00+01:00,132.03,633.54,22550.0,22532.974
2025-11-17 08:30:00+01:00,129.83,661.03,22650.0,22382.946
2025-11-17 08:45:00+01:00,126.06,674.64,22750.0,22599.757
2025-11-17 09:00:00+01:00,151.87,691.39,22750.0,22886.491
2025-11-17 09:15:00+01:00,130.6,760.62,22750.0,22933.632
2025-11-17 09:30:00+01:00,127.74,638.65,22750.0,23023.817
2025-11-17 09:45:00+01:00,124.8,624.83,22600.0,22747.366
2025-11-17 10:00:00+01:00,126.42,616.99,22450.0,22729.386
2025-11-17 10:15:00+01:00,126.18,592.58,22600.0,22817.541
2025-11-17 10:30:00+01:00,149.6,632.42,22700.0,23318.797
2025-11-17 10:45:00+01:00,157.86,667.34,22900.0,23301.072
2025-11-17 11:00:00+01:00,121.1,619.58,23050.0,23386.885
2025-11-17 11:15:00+01:00,130.32,618.71,23100.0,23767.243
2025-11-17 11:30:00+01:00,129.04,618.41,23150.0,23669.975
2025-11-17 11:45:00+01:00,140.6,618.59,23200.0,23599.824
2025-11-17 12:00:00+01:00,153.86,650.82,23200.0,23771.935
2025-11-17 12:15:00+01:00,156.53,980.87,23250.0,23743.186
2025-11-17 12:30:00+01:00,157.72,866.28,23300.0,23795.176
2025-11-17 12:45:00+01:00,158.94,809.61,23300.0,23823.652
2025-11-17 13:00:00+01:00,162.46,857.37,23500.0,23925.939
2025-11-17 13:15:00+01:00,165.22,851.09,23500.0,23833.2
2025-11-17 13:30:00+01:00,158.54,822.21,23300.0,23628.326
2025-11-17 13:45:00+01:00,161.78,744.82,22700.0,23036.439
2025-11-17 14:00:00+01:00,142.98,649.98,23000.0,23126.761
2025-11-17 14:15:00+01:00,164.61,711.05,23050.0,23532.487
2025-11-17 14:30:00+01:00,175.46,741.74,23100.0,23447.264
2025-11-17 14:45:00+01:00,166.47,703.74,22900.0,23213.212
2025-11-17 15:00:00+01:00,140.29,638.86,22900.0,23238.273
2025-11-17 15:15:00+01:00,133.08,636.15,22950.0,23253.41
2025-11-17 15:30:00+01:00,138.62,691.22,22950.0,23434.976
2025-11-17 15:45:00+01:00,143.34,749.49,23200.0,23301.905
2025-11-17 16:00:00+01:00,121.98,750.01,23350.0,23594.951
2025-11-17 16:15:00+01:00,123.4,712.7,23600.0,23712.001
2025-11-17 16:30:00+01:00,135.32,708.52,23600.0,23807.31
2025-11-17 16:45:00+01:00,143.64,675.4,23600.0,23736.747
2025-11-17 17:00:00+01:00,115.34,706.88,23600.0,23575.519
2025-11-17 17:15:00+01:00,119.02,608.48,23500.0,23393.691
2025-11-17 17:30:00+01:00,118.33,609.94,23400.0,23226.274
2025-11-17 17:45:00+01:00,119.44,579.77,23100.0,23069.842
2025-11-17 18:00:00+01:00,120.05,580.11,22950.0,22837.83
2025-11-17 18:15:00+01:00,114.32,483.28,23000.0,22636.08
2025-11-17 18:30:00+01:00,115.85,488.92,22900.0,22789.077
2025-11-17 18:45:00+01:00,116.1,356.4,22900.0,22770.521
2025-11-17 19:00:00+01:00,114.59,405.3,22900.0,22760.449
2025-11-17 19:15:00+01:00,112.22,428.53,22850.0,22822.96
2025-11-17 19:30:00+01:00,108.72,356.76,22800.0,22370.555
2025-11-17 19:45:00+01:00,107.3,336.26,22700.0,22575.436
2025-11-17 20:00:00+01:00,107.98,320.15,22550.0,22498.889
2025-11-17 20:15:00+01:00,107.3,330.74,22300.0,22209.182
2025-11-17 20:30:00+01:00,104.35,291.18,22050.0,22156.577
2025-11-17 20:45:00+01:00,92.42,316.88,21800.0,21718.832
2025-11-17 21:00:00+01:00,102.07,515.5,21350.0,21457.076
2025-11-17 21:15:00+01:00,95.12,576.04,20900.0,20816.046
2025-11-17 21:30:00+01:00,90.76,289.66,20350.0,20388.157
2025-11-17 21:45:00+01:00,85.09,359.71,19800.0,19636.486
2025-11-17 22:00:00+01:00,94.52,330.56,19550.0,19542.662
2025-11-17 22:15:00+01:00,90.99,288.69,19350.0,19189.189
2025-11-17 22:30:00+01:00,90.18,488.86,19100.0,18805.781
2025-11-17 22:45:00+01:00,84.72,446.08,18750.0,18494.634
2025-11-17 23:00:00+01:00,91.57,259.54,18450.0,18247.594
2025-11-17 23:15:00+01:00,92.0,361.81,18100.0,17994.003
2025-11-17 23:30:00+01:00,86.01,363.6,17750.0,17795.14
2025-11-17 23:45:00+01:00,72.0,304.37,17300.0,17178.662
2025-11-18 00:00:00+01:00,89.07,401.66,17000.0,17130.185
2025-11-18 00:15:00+01:00,86.99,375.24,16800.0,17014.776
2025-11-18 00:30:00+01:00,92.3,457.14,16650.0,16630.921
2025-11-18 00:45:00+01:00,81.29,414.66,16550.0,16561.784
2025-11-18 01:00:00+01:00,86.87,475.49,16400.0,16598.072
2025-11-18 01:15:00+01:00,83.14,462.57,16300.0,16542.429
2025-11-18 01:30:00+01:00,82.54,432.14,16250.0,16302.519
2025-11-18 01:45:00+01:00,79.58,414.39,16200.0,16198.096
2025-11-18 02:00:00+01:00,81.54,365.39,16200.0,16190.803
2025-11-18 02:15:00+01:00,79.34,402.0,16100.0,16022.887
2025-11-18 02:30:00+01:00,79.05,412.64,16150.0,16050.643
2025-11-18 02:45:00+01:00,77.01,364.03,16100.0,15983.846
2025-11-18 03:00:00+01:00,78.39,331.05,16200.0,16104.141
2025-11-18 03:15:00+01:00,77.92,386.66,16200.0,16159.951
2025-11-18 03:30:00+01:00,77.9,390.97,16200.0,16133.707
2025-11-18 03:45:00+01:00,77.64,327.88,16250.0,16212.202
2025-11-18 04:00:00+01:00,77.14,325.77,16350.0,16449.069
2025-11-18 04:15:00+01:00,79.21,334.51,16450.0,16516.305
2025-11-18 04:30:00+01:00,81.88,345.79,16700.0,16708.006
2025-11-18 04:45:00+01:00,93.7,395.7,16800.0,16890.837
2025-11-18 05:00:00+01:00,77.0,404.05,17200.0,17493.866
2025-11-18 05:15:00+01:00,90.6,435.72,17500.0,17624.076
2025-11-18 05:30:00+01:00,96.07,185.48,17850.0,17969.675
2025-11-18 05:45:00+01:00,107.95,378.76,18400.0,18688.421
2025-11-18 06:00:00+01:00,120.3,319.69,19600.0,20032.284
2025-11-18 06:15:00+01:00,109.74,339.2,20250.0,20535.834
2025-11-18 06:30:00+01:00,116.48,591.15,20650.0,20927.482
2025-11-18 06:45:00+01:00,125.47,385.01,21050.0,21309.093
2025-11-18 07:00:00+01:00,100.98,398.7,21650.0,21861.819
2025-11-18 07:15:00+01:00,107.02,411.31,21950.0,22212.961
2025-11-18 07:30:00+01:00,111.24,417.95,22150.0,22221.576
2025-11-18 07:45:00+01:00,110.02,451.16,22250.0,22327.962
2025-11-18 08:00:00+01:00,132.57,466.04,22650.0,22681.215
2025-11-18 08:15:00+01:00,126.12,559.08,22800.0,22641.791
2025-11-18 08:30:00+01:00,119.08,18.61,22950.0,22367.478
2025-11-18 08:45:00+01:00,102.75,340.83,23000.0,22637.802
2025-11-18 09:00:00+01:00,133.83,565.18,23050.0,22769.576
2025-11-18 09:15:00+01:00,110.71,500.22,23100.0,22608.23
2025-11-18 09:30:00+01:00,98.35,519.51,22900.0,22488.252
2025-11-18 09:45:00+01:00,88.05,552.14,22500.0,22475.253
2025-11-18 10:00:00+01:00,102.03,480.94,22400.0,22426.041
2025-11-18 10:15:00+01:00,89.85,582.61,22700.0,22678.605
2025-11-18 10:30:00+01:00,89.52,609.39,22900.0,22719.339
2025-11-18 10:45:00+01:00,88.09,602.56,22950.0,22681.219
2025-11-18 11:00:00+01:00,88.01,523.46,23000.0,22921.683
2025-11-18 11:15:00+01:00,88.84,510.2,23000.0,22848.764
2025-11-18 11:30:00+01:00,90.19,523.75,23050.0,22608.931
2025-11-18 11:45:00+01:00,91.35,544.81,23000.0,22728.252
2025-11-18 12:00:00+01:00,89.51,547.66,22950.0,22832.691
2025-11-18 12:15:00+01:00,95.38,620.21,22950.0,22721.22
2025-11-18 12:30:00+01:00,91.8,610.23,23050.0,23064.116
2025-11-18 12:45:00+01:00,102.76,608.65,23150.0,23100.0
2025-11-18 13:00:00+01:00,99.35,626.21,23350.0,23419.327
2025-11-18 13:15:00+01:00,103.5,616.21,23300.0,23567.642
2025-11-18 13:30:00+01:00,115.45,487.56,23100.0,23450.931
2025-11-18 13:45:00+01:00,113.16,345.46,22600.0,22805.818
2025-11-18 14:00:00+01:00,100.0,315.5,22850.0,22749.359
2025-11-18 14:15:00+01:00,112.62,1329.53,22950.0,23119.196
2025-11-18 14:30:00+01:00,145.29,2017.2,23050.0,23289.512
2025-11-18 14:45:00+01:00,143.24,652.34,22800.0,23094.985
2025-11-18 15:00:00+01:00,113.16,341.31,22900.0,23320.389
2025-11-18 15:15:00+01:00,130.47,356.69,23050.0,23510.006
2025-11-18 15:30:00+01:00,152.99,449.01,23050.0,23607.112
2025-11-18 15:45:00+01:00,164.89,349.98,23250.0,23822.752
2025-11-18 16:00:00+01:00,145.1,409.97,23500.0,23910.033
2025-11-18 16:15:00+01:00,158.67,670.08,23750.0,23990.839
2025-11-18 16:30:00+01:00,171.91,725.99,23850.0,24094.088
2025-11-18 16:45:00+01:00,187.24,790.73,23800.0,23960.703
2025-11-18 17:00:00+01:00,148.27,626.16,23750.0,23896.473
2025-11-18 17:15:00+01:00,156.58,661.25,23700.0,23956.792
2025-11-18 17:30:00+01:00,155.11,655.05,23550.0,23740.423
2025-11-18 17:45:00+01:00,151.43,639.5,23300.0,23663.136
2025-11-18 18:00:00+01:00,152.03,642.04,23200.0,23352.951
2025-11-18 18:15:00+01:00,144.87,629.54,23250.0,23552.845
2025-11-18 18:30:00+01:00,139.73,623.21,23200.0,23605.789
2025-11-18 18:45:00+01:00,149.99,633.42,23200.0,23548.332
2025-11-18 19:00:00+01:00,147.25,621.85,23100.0,23603.15
2025-11-18 19:15:00+01:00,142.96,603.73,23050.0,23428.683
2025-11-18 19:30:00+01:00,137.01,597.47,22950.0,23284.756
2025-11-18 19:45:00+01:00,129.91,569.64,22800.0,23244.895
2025-11-18 20:00:00+01:00,146.76,722.6,22650.0,22965.893
2025-11-18 20:15:00+01:00,129.04,697.76,22400.0,22916.816
2025-11-18 20:30:00+01:00,115.05,958.84,22150.0,22623.334
2025-11-18 20:45:00+01:00,104.76,596.33,21850.0,22242.454
2025-11-18 21:00:00+01:00,114.51,552.25,21500.0,21867.856
2025-11-18 21:15:00+01:00,104.1,563.96,20950.0,21309.63
2025-11-18 21:30:00+01:00,102.42,556.47,20450.0,20824.908
2025-11-18 21:45:00+01:00,96.52,407.61,19800.0,20005.426
2025-11-18 22:00:00+01:00,108.37,507.02,19700.0,20102.963
2025-11-18 22:15:00+01:00,107.96,502.21,19350.0,19809.002
2025-11-18 22:30:00+01:00,108.24,489.62,19000.0,19389.633
2025-11-18 22:45:00+01:00,107.95,504.54,18700.0,18974.721
2025-11-18 23:00:00+01:00,111.08,494.56,18350.0,18773.517
2025-11-18 23:15:00+01:00,107.48,496.53,18050.0,18387.959
2025-11-18 23:30:00+01:00,91.3,499.09,17750.0,18069.165
2025-11-18 23:45:00+01:00,84.53,432.9,17400.0,17878.63
2025-11-19 00:00:00+01:00,96.44,479.8,17300.0,17551.668
2025-11-19 00:15:00+01:00,87.53,431.17,17150.0,17164.616
2025-11-19 00:30:00+01:00,86.58,409.1,17000.0,17192.892
2025-11-19 00:45:00+01:00,85.6,183.82,16900.0,16846.603
2025-11-19 01:00:00+01:00,95.4,205.56,16750.0,17037.995
2025-11-19 01:15:00+01:00,94.32,287.47,16650.0,16898.661
2025-11-19 01:30:00+01:00,88.05,400.33,16550.0,16778.47
2025-11-19 01:45:00+01:00,86.46,321.33,16500.0,16556.464
2025-11-19 02:00:00+01:00,93.69,225.54,16500.0,16656.59
2025-11-19 02:15:00+01:00,82.64,397.0,16500.0,16559.31
2025-11-19 02:30:00+01:00,85.67,404.02,16500.0,16488.128
2025-11-19 02:45:00+01:00,97.61,413.19,16500.0,16510.099
2025-11-19 03:00:00+01:00,96.82,409.85,16500.0,16517.088
2025-11-19 03:15:00+01:00,93.96,272.76,16550.0,16620.289
2025-11-19 03:30:00+01:00,93.17,394.4,16550.0,16660.429
2025-11-19 03:45:00+01:00,101.3,428.81,16600.0,16656.966
2025-11-19 04:00:00+01:00,102.49,281.61,16700.0,16977.541
2025-11-19 04:15:00+01:00,106.73,337.51,16850.0,16940.114
2025-11-19 04:30:00+01:00,106.73,451.8,17050.0,17158.925
2025-11-19 04:45:00+01:00,107.2,453.79,17100.0,17397.822
2025-11-19 05:00:00+01:00,106.73,365.73,17650.0,17758.963
2025-11-19 05:15:00+01:00,106.89,440.56,17950.0,18179.363
2025-11-19 05:30:00+01:00,111.92,473.77,18300.0,18497.949
2025-11-19 05:45:00+01:00,112.28,475.29,18850.0,18965.615
2025-11-19 06:00:00+01:00,107.07,374.48,20050.0,20334.147
2025-11-19 06:15:00+01:00,116.0,515.54,20800.0,21013.424
2025-11-19 06:30:00+01:00,118.83,538.12,21200.0,21458.666
2025-11-19 06:45:00+01:00,145.39,615.45,21650.0,21715.345
2025-11-19 07:00:00+01:00,138.04,586.43,22150.0,22338.241
2025-11-19 07:15:00+01:00,147.25,623.32,22500.0,22456.85
2025-11-19 07:30:00+01:00,149.99,634.92,22600.0,22426.206
2025-11-19 07:45:00+01:00,150.0,634.97,22800.0,22649.759
2025-11-19 08:00:00+01:00,157.46,666.54,23150.0,22730.994
2025-11-19 08:15:00+01:00,141.97,623.17,23350.0,22800.206
2025-11-19 08:30:00+01:00,133.19,610.08,23450.0,22786.862
2025-11-19 08:45:00+01:00,117.42,426.96,23450.0,22599.458
2025-11-19 09:00:00+01:00,130.62,368.09,23450.0,22612.105
2025-11-19 09:15:00+01:00,121.36,86.11,23450.0,22294.129
2025-11-19 09:30:00+01:00,115.97,-215.67,23350.0,22044.712
2025-11-19 09:45:00+01:00,100.94,81.74,23150.0,21779.809
2025-11-19 10:00:00+01:00,111.61,384.78,22850.0,21523.049
2025-11-19 10:15:00+01:00,98.11,299.93,22900.0,21630.563
2025-11-19 10:30:00+01:00,94.03,210.04,23050.0,21530.613
2025-11-19 10:45:00+01:00,89.39,210.04,23100.0,21649.331
2025-11-19 11:00:00+01:00,95.71,310.76,23100.0,21623.509
2025-11-19 11:15:00+01:00,92.44,63.31,23100.0,21753.64
2025-11-19 11:30:00+01:00,90.89,302.16,23100.0,21602.291
2025-11-19 11:45:00+01:00,92.01,320.67,23100.0,21623.822
2025-11-19 12:00:00+01:00,94.43,256.64,23100.0,21726.504
2025-11-19 12:15:00+01:00,94.68,295.14,23100.0,22031.23
2025-11-19 12:30:00+01:00,94.89,318.93,23200.0,22008.849
2025-11-19 12:45:00+01:00,99.18,306.83,23350.0,22297.805
2025-11-19 13:00:00+01:00,101.73,126.89,23550.0,22496.916
2025-11-19 13:15:00+01:00,102.96,124.89,23450.0,22712.619
2025-11-19 13:30:00+01:00,107.2,596.5,23200.0,22650.654
2025-11-19 13:45:00+01:00,116.78,577.28,22650.0,22343.792
2025-11-19 14:00:00+01:00,107.21,290.1,22850.0,22933.588
2025-11-19 14:15:00+01:00,118.03,927.37,23100.0,23287.89
2025-11-19 14:30:00+01:00,140.55,1142.82,23150.0,23619.412
2025-11-19 14:45:00+01:00,167.24,1518.23,23000.0,23473.339
2025-11-19 15:00:00+01:00,146.32,1495.45,23200.0,23425.815
2025-11-19 15:15:00+01:00,178.82,756.96,23350.0,23431.676
2025-11-19 15:30:00+01:00,259.5,1098.49,23450.0,23535.464
2025-11-19 15:45:00+01:00,271.4,1148.86,23550.0,23727.739
2025-11-19 16:00:00+01:00,192.4,1146.86,23800.0,23956.466
2025-11-19 16:15:00+01:00,207.34,1155.41,24000.0,24324.345
2025-11-19 16:30:00+01:00,301.04,1274.33,24000.0,24268.949
2025-11-19 16:45:00+01:00,328.7,1391.42,24000.0,24134.995
2025-11-19 17:00:00+01:00,188.96,799.89,24000.0,24102.648
2025-11-19 17:15:00+01:00,178.06,753.75,23950.0,24116.759
2025-11-19 17:30:00+01:00,166.29,703.92,23800.0,23982.197
2025-11-19 17:45:00+01:00,147.03,129.27,23400.0,23696.683
2025-11-19 18:00:00+01:00,162.46,687.71,23400.0,23719.35
2025-11-19 18:15:00+01:00,155.5,658.25,23400.0,23930.427
2025-11-19 18:30:00+01:00,145.79,644.79,23400.0,23948.822
2025-11-19 18:45:00+01:00,136.43,621.23,23300.0,23937.129
2025-11-19 19:00:00+01:00,150.86,638.61,23250.0,23898.508
2025-11-19 19:15:00+01:00,145.18,644.4,23150.0,23901.831
2025-11-19 19:30:00+01:00,127.99,636.24,23050.0,23832.659
2025-11-19 19:45:00+01:00,123.98,621.41,22900.0,23417.599
2025-11-19 20:00:00+01:00,150.46,636.91,22750.0,23506.133
2025-11-19 20:15:00+01:00,115.01,564.85,22600.0,23263.739
2025-11-19 20:30:00+01:00,107.21,571.49,22400.0,23082.329
2025-11-19 20:45:00+01:00,95.38,547.06,22100.0,22628.065
2025-11-19 21:00:00+01:00,110.38,528.78,21750.0,22207.819
2025-11-19 21:15:00+01:00,106.73,560.05,21200.0,21813.398
2025-11-19 21:30:00+01:00,103.9,562.01,20700.0,21258.489
2025-11-19 21:45:00+01:00,99.18,270.71,20050.0,20369.569
2025-11-19 22:00:00+01:00,109.97,488.55,20000.0,20447.152
2025-11-19 22:15:00+01:00,106.73,506.23,19650.0,20280.136
2025-11-19 22:30:00+01:00,102.78,521.26,19350.0,19839.167
2025-11-19 22:45:00+01:00,105.26,529.73,18950.0,19549.286
2025-11-19 23:00:00+01:00,111.92,564.66,18700.0,19254.786
2025-11-19 23:15:00+01:00,111.93,581.5,18350.0,18798.035
2025-11-19 23:30:00+01:00,111.92,551.93,18050.0,18430.477
2025-11-19 23:45:00+01:00,101.98,551.62,17750.0,18318.349
2025-11-20 00:00:00+01:00,107.06,533.24,17500.0,18138.783
2025-11-20 00:15:00+01:00,107.05,509.28,17350.0,17881.378
2025-11-20 00:30:00+01:00,107.05,514.59,17200.0,17717.907
2025-11-20 00:45:00+01:00,107.05,561.34,17100.0,17438.313
2025-11-20 01:00:00+01:00,107.37,561.34,16950.0,17200.252
2025-11-20 01:15:00+01:00,107.14,507.39,16850.0,17115.87
2025-11-20 01:30:00+01:00,107.05,467.72,16750.0,17079.207
2025-11-20 01:45:00+01:00,107.05,498.61,16650.0,16918.857
2025-11-20 02:00:00+01:00,103.1,555.04,16600.0,17026.465
2025-11-20 02:15:00+01:00,102.81,516.7,16600.0,17008.516
2025-11-20 02:30:00+01:00,102.63,505.18,16600.0,17020.824
2025-11-20 02:45:00+01:00,97.98,509.09,16600.0,16862.535
2025-11-20 03:00:00+01:00,102.82,520.23,16600.0,16884.619
2025-11-20 03:15:00+01:00,102.82,478.92,16650.0,16971.21
2025-11-20 03:30:00+01:00,102.82,446.36,16650.0,16832.08
2025-11-20 03:45:00+01:00,102.82,471.81,16700.0,16902.0
2025-11-20 04:00:00+01:00,102.82,436.2,16800.0,17079.421
2025-11-20 04:15:00+01:00,103.3,456.41,16950.0,17253.04
2025-11-20 04:30:00+01:00,106.03,506.64,17200.0,17234.748
2025-11-20 04:45:00+01:00,107.05,561.34,17650.0,17415.349
2025-11-20 05:00:00+01:00,107.05,541.18,17950.0,17946.76
2025-11-20 05:15:00+01:00,109.9,466.24,18250.0,18099.842
2025-11-20 05:30:00+01:00,111.77,486.04,18600.0,18664.913
2025-11-20 05:45:00+01:00,111.76,501.03,19150.0,19237.871
2025-11-20 06:00:00+01:00,102.34,522.58,20400.0,20410.439
2025-11-20 06:15:00+01:00,114.36,538.67,21050.0,21102.092
2025-11-20 06:30:00+01:00,118.41,530.53,21450.0,21417.583
2025-11-20 06:45:00+01:00,134.0,568.48,21900.0,22039.782
2025-11-20 07:00:00+01:00,145.05,615.36,22450.0,22348.267
2025-11-20 07:15:00+01:00,147.95,658.93,22800.0,22621.544
2025-11-20 07:30:00+01:00,159.41,676.28,22950.0,22866.574
2025-11-20 07:45:00+01:00,157.61,668.64,23100.0,22935.729
2025-11-20 08:00:00+01:00,159.4,766.18,23550.0,23399.569
2025-11-20 08:15:00+01:00,162.83,690.79,23750.0,23364.04
2025-11-20 08:30:00+01:00,157.08,666.4,23750.0,23611.178
2025-11-20 08:45:00+01:00,145.6,617.69,23750.0,23545.172
2025-11-20 09:00:00+01:00,170.61,723.8,23750.0,23502.626
2025-11-20 09:15:00+01:00,153.28,863.41,23650.0,23622.612
2025-11-20 09:30:00+01:00,150.8,1307.88,23450.0,23329.397
2025-11-20 09:45:00+01:00,135.54,614.61,23250.0,22916.856
2025-11-20 10:00:00+01:00,162.15,687.91,23250.0,22729.276
2025-11-20 10:15:00+01:00,141.79,635.47,23300.0,23187.209
2025-11-20 10:30:00+01:00,138.46,633.47,23500.0,23231.514
2025-11-20 10:45:00+01:00,127.66,615.56,23700.0,23319.309
2025-11-20 11:00:00+01:00,137.99,585.41,23750.0,23535.294
2025-11-20 11:15:00+01:00,133.92,609.39,23750.0,23381.514
2025-11-20 11:30:00+01:00,130.9,609.39,23750.0,23721.133
2025-11-20 11:45:00+01:00,130.63,608.01,23750.0,23648.677
2025-11-20 12:00:00+01:00,134.83,572.0,23850.0,23933.695
2025-11-20 12:15:00+01:00,134.93,572.43,24000.0,24124.989
2025-11-20 12:30:00+01:00,152.99,649.04,24000.0,24437.674
2025-11-20 12:45:00+01:00,159.38,676.15,24000.0,24351.817
2025-11-20 13:00:00+01:00,159.4,736.45,24000.0,24666.495
2025-11-20 13:15:00+01:00,167.53,710.73,23950.0,24264.581
2025-11-20 13:30:00+01:00,176.4,748.36,23600.0,24461.167
2025-11-20 13:45:00+01:00,175.97,746.54,23100.0,23393.469
2025-11-20 14:00:00+01:00,144.45,651.39,23400.0,23891.217
2025-11-20 14:15:00+01:00,169.5,767.65,23650.0,23938.933
2025-11-20 14:30:00+01:00,200.4,850.18,23650.0,24012.984
2025-11-20 14:45:00+01:00,200.0,848.48,23400.0,23711.331
2025-11-20 15:00:00+01:00,166.09,704.62,23550.0,23726.143
2025-11-20 15:15:00+01:00,164.6,698.3,23600.0,23699.153
2025-11-20 15:30:00+01:00,179.16,760.07,23800.0,23936.771
2025-11-20 15:45:00+01:00,205.53,871.94,24000.0,24039.474
2025-11-20 16:00:00+01:00,178.69,758.07,24150.0,24186.492
2025-11-20 16:15:00+01:00,201.51,854.89,24250.0,24261.297
2025-11-20 16:30:00+01:00,213.43,905.46,24250.0,24364.398
2025-11-20 16:45:00+01:00,220.52,935.53,24250.0,24347.346
2025-11-20 17:00:00+01:00,176.4,783.35,24250.0,24215.747
2025-11-20 17:15:00+01:00,178.45,788.35,24250.0,24091.679
2025-11-20 17:30:00+01:00,175.05,753.74,24000.0,24056.847
2025-11-20 17:45:00+01:00,170.31,722.52,23850.0,23584.575
2025-11-20 18:00:00+01:00,169.71,564.54,23750.0,23662.633
2025-11-20 18:15:00+01:00,163.81,604.99,23750.0,23679.162
2025-11-20 18:30:00+01:00,159.67,540.19,23750.0,23691.958
2025-11-20 18:45:00+01:00,158.32,397.4,23750.0,23688.728
2025-11-20 19:00:00+01:00,166.7,441.89,23750.0,23828.374
2025-11-20 19:15:00+01:00,156.79,422.27,23650.0,23655.787
2025-11-20 19:30:00+01:00,153.91,476.15,23600.0,23542.911
2025-11-20 19:45:00+01:00,145.26,474.77,23450.0,23419.904
2025-11-20 20:00:00+01:00,145.4,409.52,23300.0,23336.488
2025-11-20 20:15:00+01:00,145.62,406.7,23100.0,23124.691
2025-11-20 20:30:00+01:00,134.68,434.04,22850.0,22838.993
2025-11-20 20:45:00+01:00,119.16,352.06,22550.0,22274.898
2025-11-20 21:00:00+01:00,133.72,359.84,22100.0,22085.352
2025-11-20 21:15:00+01:00,126.32,380.03,21700.0,21377.343
2025-11-20 21:30:00+01:00,113.67,430.62,21050.0,20994.794
2025-11-20 21:45:00+01:00,101.37,391.53,20300.0,20266.753
2025-11-20 22:00:00+01:00,115.21,402.84,20200.0,20217.543
2025-11-20 22:15:00+01:00,109.14,546.3,19950.0,19810.02
2025-11-20 22:30:00+01:00,102.81,355.56,19650.0,19691.813
2025-11-20 22:45:00+01:00,100.1,349.56,19300.0,19211.952
2025-11-20 23:00:00+01:00,107.04,318.83,19000.0,18811.563
2025-11-20 23:15:00+01:00,94.76,148.86,18700.0,18332.658
2025-11-20 23:30:00+01:00,90.0,7.57,18400.0,17977.421
2025-11-20 23:45:00+01:00,85.93,-871.99,18050.0,17826.444
2025-11-21 00:00:00+01:00,104.02,105.14,17950.0,17462.17
2025-11-21 00:15:00+01:00,105.02,321.77,17700.0,17287.83
2025-11-21 00:30:00+01:00,102.96,325.62,17500.0,17160.969
2025-11-21 00:45:00+01:00,96.56,262.31,17300.0,16954.216
2025-11-21 01:00:00+01:00,103.04,337.52,17200.0,17049.159
2025-11-21 01:15:00+01:00,95.41,334.79,17100.0,16807.666
2025-11-21 01:30:00+01:00,90.09,334.75,16950.0,16567.002
2025-11-21 01:45:00+01:00,88.71,338.55,16850.0,16587.247
2025-11-21 02:00:00+01:00,93.99,350.5,16850.0,16688.177
2025-11-21 02:15:00+01:00,89.14,340.11,16850.0,16520.154
2025-11-21 02:30:00+01:00,88.98,361.12,16850.0,16618.221
2025-11-21 02:45:00+01:00,89.59,385.18,16750.0,16595.218
2025-11-21 03:00:00+01:00,90.0,319.34,16800.0,16621.275
2025-11-21 03:15:00+01:00,89.33,369.74,16850.0,16667.514
2025-11-21 03:30:00+01:00,90.78,383.9,16850.0,16754.815
2025-11-21 03:45:00+01:00,91.64,387.73,16900.0,16682.219
2025-11-21 04:00:00+01:00,88.81,344.53,17100.0,16978.247
2025-11-21 04:15:00+01:00,90.36,340.91,17200.0,17032.932
2025-11-21 04:30:00+01:00,98.6,358.81,17400.0,17249.763
2025-11-21 04:45:00+01:00,102.16,275.92,17650.0,17260.147
2025-11-21 05:00:00+01:00,90.97,360.99,18050.0,17822.67
2025-11-21 05:15:00+01:00,101.86,328.4,18300.0,18101.263
2025-11-21 05:30:00+01:00,103.51,358.77,18800.0,18518.617
2025-11-21 05:45:00+01:00,115.31,427.29,19350.0,19254.063
2025-11-21 06:00:00+01:00,108.09,314.57,20700.0,20574.336
2025-11-21 06:15:00+01:00,120.93,376.78,21350.0,21206.844
2025-11-21 06:30:00+01:00,133.4,564.14,21750.0,21748.707
2025-11-21 06:45:00+01:00,169.94,718.66,22200.0,22146.736
2025-11-21 07:00:00+01:00,148.57,628.29,22650.0,22632.214
2025-11-21 07:15:00+01:00,181.59,767.93,22950.0,22826.401
2025-11-21 07:30:00+01:00,189.67,802.1,23100.0,22989.059
2025-11-21 07:45:00+01:00,200.0,845.78,23300.0,23148.8
2025-11-21 08:00:00+01:00,229.52,970.62,23550.0,23730.01
2025-11-21 08:15:00+01:00,223.39,944.69,23650.0,23881.293
2025-11-21 08:30:00+01:00,200.0,845.78,23750.0,23878.402
2025-11-21 08:45:00+01:00,169.17,827.74,23750.0,24079.097
2025-11-21 09:00:00+01:00,220.0,930.36,23650.0,24216.191
2025-11-21 09:15:00+01:00,191.33,809.12,23650.0,24363.539
2025-11-21 09:30:00+01:00,169.48,716.71,23500.0,24242.74
2025-11-21 09:45:00+01:00,150.81,668.75,23300.0,24001.344
2025-11-21 10:00:00+01:00,182.16,770.34,23200.0,23721.266
2025-11-21 10:15:00+01:00,160.22,435.28,23300.0,24129.091
2025-11-21 10:30:00+01:00,145.59,557.32,23500.0,24185.47
2025-11-21 10:45:00+01:00,127.54,711.13,23600.0,24301.807
2025-11-21 11:00:00+01:00,155.96,700.95,23650.0,24312.408
2025-11-21 11:15:00+01:00,143.29,673.16,23650.0,24442.97
2025-11-21 11:30:00+01:00,135.04,595.82,23600.0,24234.209
2025-11-21 11:45:00+01:00,127.36,538.59,23550.0,24200.057
2025-11-21 12:00:00+01:00,135.52,411.45,23650.0,24178.99
2025-11-21 12:15:00+01:00,130.29,322.25,23750.0,24400.286
2025-11-21 12:30:00+01:00,130.7,359.39,23850.0,24265.538
2025-11-21 12:45:00+01:00,132.06,565.27,23950.0,24445.53
2025-11-21 13:00:00+01:00,127.77,476.81,24100.0,24533.189
2025-11-21 13:15:00+01:00,132.22,350.37,24050.0,24477.066
2025-11-21 13:30:00+01:00,137.1,261.65,23700.0,24234.954
2025-11-21 13:45:00+01:00,152.09,349.48,23200.0,23579.178
2025-11-21 14:00:00+01:00,127.0,365.91,23500.0,23870.122
2025-11-21 14:15:00+01:00,153.31,379.11,23750.0,24130.019
2025-11-21 14:30:00+01:00,175.49,760.48,23750.0,24075.893
2025-11-21 14:45:00+01:00,185.99,869.95,23600.0,24001.463
2025-11-21 15:00:00+01:00,150.62,1078.65,23700.0,23909.843
2025-11-21 15:15:00+01:00,173.14,1518.24,23800.0,24057.291
2025-11-21 15:30:00+01:00,203.83,861.98,24000.0,24100.148
2025-11-21 15:45:00+01:00,265.5,1122.77,24200.0,24221.929
2025-11-21 16:00:00+01:00,196.39,875.83,24400.0,24485.42
2025-11-21 16:15:00+01:00,239.21,1011.6,24550.0,24564.675
2025-11-21 16:30:00+01:00,259.02,1095.37,24550.0,24383.989
2025-11-21 16:45:00+01:00,315.34,1333.54,24500.0,24354.777
2025-11-21 17:00:00+01:00,261.0,1103.74,24500.0,24268.989
2025-11-21 17:15:00+01:00,271.28,1147.22,24450.0,24289.723
2025-11-21 17:30:00+01:00,244.66,1034.64,24200.0,24162.983
2025-11-21 17:45:00+01:00,226.12,956.24,24000.0,23787.323
2025-11-21 18:00:00+01:00,232.86,556.92,23850.0,23780.195
2025-11-21 18:15:00+01:00,215.81,603.82,23900.0,23736.216
2025-11-21 18:30:00+01:00,194.39,450.69,23950.0,23920.244
2025-11-21 18:45:00+01:00,181.91,483.1,23950.0,23731.782
2025-11-21 19:00:00+01:00,187.17,555.21,23900.0,23654.782
2025-11-21 19:15:00+01:00,166.06,631.04,23850.0,23580.086
2025-11-21 19:30:00+01:00,167.7,470.71,23800.0,23513.042
2025-11-21 19:45:00+01:00,168.45,420.21,23550.0,23482.086
2025-11-21 20:00:00+01:00,176.83,473.88,23450.0,23215.692
2025-11-21 20:15:00+01:00,154.86,393.22,23250.0,23104.095
2025-11-21 20:30:00+01:00,123.98,452.64,23000.0,22830.347
2025-11-21 20:45:00+01:00,116.21,430.18,22650.0,22585.838
2025-11-21 21:00:00+01:00,134.32,479.76,22200.0,22092.523
2025-11-21 21:15:00+01:00,120.69,406.34,21700.0,21690.964
2025-11-21 21:30:00+01:00,112.57,383.18,21100.0,21216.397
2025-11-21 21:45:00+01:00,103.04,383.88,20400.0,20628.724
2025-11-21 22:00:00+01:00,116.11,491.02,20350.0,20510.293
2025-11-21 22:15:00+01:00,110.93,386.03,20100.0,20257.138
2025-11-21 22:30:00+01:00,103.04,642.02,19700.0,19980.025
2025-11-21 22:45:00+01:00,103.01,588.7,19350.0,19777.727
2025-11-21 23:00:00+01:00,111.07,545.34,19050.0,19553.012
2025-11-21 23:15:00+01:00,111.27,479.29,18700.0,19098.718
2025-11-21 23:30:00+01:00,112.0,564.87,18350.0,18662.571
2025-11-21 23:45:00+01:00,112.0,549.64,18100.0,18254.392
2025-11-22 00:00:00+01:00,122.97,522.49,17600.0,18220.542
2025-11-22 00:15:00+01:00,108.19,449.8,17300.0,17884.935
2025-11-22 00:30:00+01:00,116.32,342.34,17050.0,17770.175
2025-11-22 00:45:00+01:00,117.27,358.26,16900.0,17502.455
2025-11-22 01:00:00+01:00,107.24,453.85,16750.0,17554.486
2025-11-22 01:15:00+01:00,107.24,429.04,16600.0,17347.467
2025-11-22 01:30:00+01:00,107.24,439.11,16450.0,17180.675
2025-11-22 01:45:00+01:00,128.52,647.85,16150.0,17125.679
2025-11-22 02:00:00+01:00,114.29,485.61,16100.0,16877.51
2025-11-22 02:15:00+01:00,126.54,414.65,16100.0,17172.63
2025-11-22 02:30:00+01:00,123.34,524.06,16050.0,17062.739
2025-11-22 02:45:00+01:00,121.22,517.05,16000.0,17130.152
2025-11-22 03:00:00+01:00,118.53,503.62,16000.0,16998.743
2025-11-22 03:15:00+01:00,114.2,516.78,16000.0,16930.14
2025-11-22 03:30:00+01:00,114.12,511.58,16000.0,16951.512
2025-11-22 03:45:00+01:00,122.3,519.64,15950.0,16819.815
2025-11-22 04:00:00+01:00,115.23,489.6,16050.0,16963.078
2025-11-22 04:15:00+01:00,111.01,471.67,16050.0,17041.359
2025-11-22 04:30:00+01:00,111.01,471.67,16100.0,17102.686
2025-11-22 04:45:00+01:00,111.0,489.15,16150.0,17151.847
2025-11-22 05:00:00+01:00,106.79,505.17,16300.0,17281.299
2025-11-22 05:15:00+01:00,107.0,578.09,16300.0,17257.122
2025-11-22 05:30:00+01:00,106.31,579.44,16400.0,17343.1
2025-11-22 05:45:00+01:00,105.25,580.41,16700.0,17616.003
2025-11-22 06:00:00+01:00,102.85,579.77,17250.0,17992.536
2025-11-22 06:15:00+01:00,105.15,551.3,17350.0,18325.019
2025-11-22 06:30:00+01:00,105.9,505.81,17550.0,18507.116
2025-11-22 06:45:00+01:00,104.94,528.29,17750.0,18636.932
2025-11-22 07:00:00+01:00,104.55,568.13,18000.0,18986.79
2025-11-22 07:15:00+01:00,105.92,537.73,18300.0,19108.21
2025-11-22 07:30:00+01:00,112.29,520.79,18650.0,19581.46
2025-11-22 07:45:00+01:00,114.71,438.6,18950.0,19852.502
2025-11-22 08:00:00+01:00,121.42,548.72,19350.0,20531.964
2025-11-22 08:15:00+01:00,115.26,408.14,19550.0,20799.645
2025-11-22 08:30:00+01:00,106.79,373.83,19850.0,20958.866
2025-11-22 08:45:00+01:00,106.79,425.24,20150.0,21305.341
2025-11-22 09:00:00+01:00,115.24,375.52,20450.0,21410.146
2025-11-22 09:15:00+01:00,106.32,451.74,20600.0,21285.2
2025-11-22 09:30:00+01:00,106.31,351.94,20650.0,21499.962
2025-11-22 09:45:00+01:00,106.31,308.81,20600.0,21403.411
2025-11-22 10:00:00+01:00,106.32,365.48,20750.0,21741.887
2025-11-22 10:15:00+01:00,106.31,400.23,20850.0,21624.539
2025-11-22 10:30:00+01:00,106.23,355.89,20950.0,21890.324
2025-11-22 10:45:00+01:00,102.0,347.56,21050.0,21484.991
2025-11-22 11:00:00+01:00,106.79,305.25,20950.0,21610.888
2025-11-22 11:15:00+01:00,106.78,155.5,20950.0,21680.884
2025-11-22 11:30:00+01:00,107.4,195.5,20900.0,21739.606
2025-11-22 11:45:00+01:00,107.46,288.71,20900.0,21602.605
2025-11-22 12:00:00+01:00,114.3,302.67,20850.0,21431.695
2025-11-22 12:15:00+01:00,106.79,330.5,20850.0,21662.277
2025-11-22 12:30:00+01:00,106.32,273.68,20900.0,21825.256
2025-11-22 12:45:00+01:00,106.78,289.2,21000.0,21935.874
2025-11-22 13:00:00+01:00,109.73,468.78,21150.0,21997.296
2025-11-22 13:15:00+01:00,114.29,596.15,21050.0,21943.501
2025-11-22 13:30:00+01:00,123.88,640.36,20850.0,21733.947
2025-11-22 13:45:00+01:00,135.66,752.54,20550.0,21408.16
2025-11-22 14:00:00+01:00,137.33,336.14,20600.0,21446.366
2025-11-22 14:15:00+01:00,155.72,661.64,20750.0,21379.443
2025-11-22 14:30:00+01:00,174.61,794.62,20700.0,21438.689
2025-11-22 14:45:00+01:00,203.79,865.88,20650.0,21403.634
2025-11-22 15:00:00+01:00,167.03,749.88,20600.0,21307.216
2025-11-22 15:15:00+01:00,190.99,811.5,20600.0,21301.833
2025-11-22 15:30:00+01:00,232.73,988.85,20700.0,21327.948
2025-11-22 15:45:00+01:00,192.86,1061.73,20950.0,21634.867
2025-11-22 16:00:00+01:00,188.13,422.87,21150.0,21679.395
2025-11-22 16:15:00+01:00,211.65,509.54,21200.0,21904.43
2025-11-22 16:30:00+01:00,222.92,594.74,21150.0,21837.246
2025-11-22 16:45:00+01:00,203.97,517.12,21100.0,21828.108
2025-11-22 17:00:00+01:00,192.32,443.6,21100.0,21759.201
2025-11-22 17:15:00+01:00,195.21,415.87,21000.0,21588.573
2025-11-22 17:30:00+01:00,169.34,982.56,20950.0,21554.6
2025-11-22 17:45:00+01:00,152.12,502.41,20850.0,21289.087
2025-11-22 18:00:00+01:00,170.8,567.0,20750.0,21360.216
2025-11-22 18:15:00+01:00,169.7,569.87,20750.0,21409.85
2025-11-22 18:30:00+01:00,187.56,796.92,20700.0,21189.849
2025-11-22 18:45:00+01:00,177.53,562.62,20600.0,21257.389
2025-11-22 19:00:00+01:00,177.48,558.23,20500.0,21144.109
2025-11-22 19:15:00+01:00,177.54,562.86,20450.0,21005.063
2025-11-22 19:30:00+01:00,193.83,556.38,20400.0,20956.857
2025-11-22 19:45:00+01:00,156.61,790.3,20200.0,21078.819
2025-11-22 20:00:00+01:00,205.33,872.43,20000.0,20897.669
2025-11-22 20:15:00+01:00,204.5,402.95,19750.0,20759.3
2025-11-22 20:30:00+01:00,154.89,826.59,19550.0,20448.019
2025-11-22 20:45:00+01:00,116.99,448.14,19250.0,20257.252
2025-11-22 21:00:00+01:00,130.47,564.35,19000.0,19979.705
2025-11-22 21:15:00+01:00,114.3,535.56,18700.0,19743.586
2025-11-22 21:30:00+01:00,111.01,489.46,18400.0,19442.176
2025-11-22 21:45:00+01:00,106.78,485.11,18100.0,19215.362
2025-11-22 22:00:00+01:00,111.0,839.23,17900.0,19055.525
2025-11-22 22:15:00+01:00,106.79,834.53,17600.0,18868.72
2025-11-22 22:30:00+01:00,104.25,467.11,17350.0,18519.174
2025-11-22 22:45:00+01:00,100.81,463.87,17100.0,18169.788
2025-11-22 23:00:00+01:00,106.32,495.38,16850.0,17871.859
2025-11-22 23:15:00+01:00,106.45,524.71,16600.0,17740.504
2025-11-22 23:30:00+01:00,106.31,469.89,16350.0,17422.762
2025-11-22 23:45:00+01:00,106.79,474.86,16100.0,17130.846
2025-11-23 00:00:00+01:00,102.58,535.48,16200.0,16819.69
2025-11-23 00:15:00+01:00,106.56,599.08,16100.0,16631.709
2025-11-23 00:30:00+01:00,106.53,579.08,15950.0,16466.321
2025-11-23 00:45:00+01:00,106.63,578.54,15850.0,16355.302
2025-11-23 01:00:00+01:00,107.31,578.44,15700.0,16232.094
2025-11-23 01:15:00+01:00,107.32,510.72,15550.0,16031.579
2025-11-23 01:30:00+01:00,107.38,513.36,15400.0,15948.618
2025-11-23 01:45:00+01:00,107.66,508.41,15300.0,15832.009
2025-11-23 02:00:00+01:00,111.07,478.67,15150.0,15780.904
2025-11-23 02:15:00+01:00,106.86,454.04,15050.0,15609.447
2025-11-23 02:30:00+01:00,107.29,456.5,14950.0,15640.531
2025-11-23 02:45:00+01:00,106.85,464.42,14950.0,15525.447
2025-11-23 03:00:00+01:00,106.73,498.1,14950.0,15580.772
2025-11-23 03:15:00+01:00,106.79,503.78,14900.0,15597.992
2025-11-23 03:30:00+01:00,106.29,498.73,14950.0,15488.882
2025-11-23 03:45:00+01:00,106.85,503.19,14950.0,15502.99
2025-11-23 04:00:00+01:00,107.31,510.17,14950.0,15673.698
2025-11-23 04:15:00+01:00,106.86,514.2,15000.0,15511.864
2025-11-23 04:30:00+01:00,106.86,513.82,15000.0,15687.14
2025-11-23 04:45:00+01:00,106.86,509.28,15000.0,15708.993
2025-11-23 05:00:00+01:00,106.86,486.57,15050.0,15766.404
2025-11-23 05:15:00+01:00,106.85,498.64,15100.0,15790.94
2025-11-23 05:30:00+01:00,102.61,511.19,15150.0,15928.581
2025-11-23 05:45:00+01:00,102.13,492.29,15300.0,15877.122
2025-11-23 06:00:00+01:00,106.56,491.98,15450.0,16266.252
2025-11-23 06:15:00+01:00,106.44,515.88,15600.0,16421.391
2025-11-23 06:30:00+01:00,106.83,485.74,15600.0,16530.388
2025-11-23 06:45:00+01:00,106.76,453.61,15700.0,16544.146
2025-11-23 07:00:00+01:00,102.61,459.39,16000.0,16682.668
2025-11-23 07:15:00+01:00,102.62,452.97,16100.0,16883.659
2025-11-23 07:30:00+01:00,102.62,474.3,16300.0,17020.613
2025-11-23 07:45:00+01:00,102.62,514.53,16550.0,17371.772
2025-11-23 08:00:00+01:00,105.43,520.14,16900.0,17692.127
2025-11-23 08:15:00+01:00,106.61,510.06,17150.0,17988.131
2025-11-23 08:30:00+01:00,106.86,549.7,17450.0,18150.788
2025-11-23 08:45:00+01:00,106.86,571.94,17750.0,18707.387
2025-11-23 09:00:00+01:00,106.86,607.7,18150.0,18924.51
2025-11-23 09:15:00+01:00,110.7,621.92,18250.0,19394.244
2025-11-23 09:30:00+01:00,111.08,627.93,18450.0,19571.833
2025-11-23 09:45:00+01:00,111.08,670.63,18650.0,19850.916
2025-11-23 10:00:00+01:00,111.4,717.25,18800.0,19984.164
2025-11-23 10:15:00+01:00,112.22,705.34,18800.0,20164.881
2025-11-23 10:30:00+01:00,111.08,687.94,18850.0,20226.96
2025-11-23 10:45:00+01:00,111.08,706.5,19000.0,20417.166
2025-11-23 11:00:00+01:00,111.08,816.24,19150.0,20521.353
2025-11-23 11:15:00+01:00,111.08,760.82,19150.0,20681.923
2025-11-23 11:30:00+01:00,111.13,781.58,19200.0,20900.762
2025-11-23 11:45:00+01:00,112.49,820.75,19300.0,20789.968
2025-11-23 12:00:00+01:00,106.86,773.05,19350.0,20650.206
2025-11-23 12:15:00+01:00,106.86,762.51,19400.0,20886.643
2025-11-23 12:30:00+01:00,106.86,764.58,19350.0,20916.312
2025-11-23 12:45:00+01:00,111.55,787.59,19400.0,20781.431
2025-11-23 13:00:00+01:00,120.5,874.02,19650.0,21091.284
2025-11-23 13:15:00+01:00,122.75,855.02,19750.0,20848.732
2025-11-23 13:30:00+01:00,117.1,845.8,19600.0,20866.758
2025-11-23 13:45:00+01:00,123.63,841.46,19450.0,20582.679
2025-11-23 14:00:00+01:00,125.68,747.9,19400.0,20533.42
2025-11-23 14:15:00+01:00,139.32,728.07,19350.0,20450.687
2025-11-23 14:30:00+01:00,158.78,705.44,19200.0,20498.139
2025-11-23 14:45:00+01:00,177.63,754.73,19100.0,20207.806
2025-11-23 15:00:00+01:00,149.85,729.84,19100.0,20031.765
2025-11-23 15:15:00+01:00,160.47,747.3,19100.0,19847.21
2025-11-23 15:30:00+01:00,181.39,785.3,19200.0,20102.019
2025-11-23 15:45:00+01:00,193.75,861.07,19500.0,20113.582
2025-11-23 16:00:00+01:00,174.78,862.01,19600.0,20528.001
2025-11-23 16:15:00+01:00,202.4,859.98,19800.0,20569.027
2025-11-23 16:30:00+01:00,215.17,914.24,19800.0,20456.122
2025-11-23 16:45:00+01:00,206.96,879.35,19850.0,20706.67
2025-11-23 17:00:00+01:00,158.24,727.56,19950.0,20639.852
2025-11-23 17:15:00+01:00,160.7,699.08,19950.0,20697.172
2025-11-23 17:30:00+01:00,161.87,692.82,19950.0,20524.342
2025-11-23 17:45:00+01:00,160.03,688.78,19850.0,20670.681
2025-11-23 18:00:00+01:00,157.29,772.99,19850.0,20699.613
2025-11-23 18:15:00+01:00,150.62,770.8,19850.0,20803.355
2025-11-23 18:30:00+01:00,154.81,778.02,19950.0,20821.243
2025-11-23 18:45:00+01:00,142.53,827.42,19900.0,20908.053
2025-11-23 19:00:00+01:00,157.68,759.25,19900.0,20852.425
2025-11-23 19:15:00+01:00,157.7,760.58,19950.0,20892.981
2025-11-23 19:30:00+01:00,156.5,757.21,19900.0,20940.579
2025-11-23 19:45:00+01:00,146.09,678.98,19750.0,20813.973
2025-11-23 20:00:00+01:00,159.58,678.04,19600.0,20493.568
2025-11-23 20:15:00+01:00,134.98,603.87,19350.0,20383.976
2025-11-23 20:30:00+01:00,126.04,598.31,19150.0,20249.854
2025-11-23 20:45:00+01:00,116.01,691.31,18900.0,19907.656
2025-11-23 21:00:00+01:00,118.53,530.57,18700.0,19817.93
2025-11-23 21:15:00+01:00,114.84,525.09,18450.0,19427.422
2025-11-23 21:30:00+01:00,109.4,521.33,18250.0,19173.307
2025-11-23 21:45:00+01:00,102.62,517.15,18000.0,18951.671
2025-11-23 22:00:00+01:00,111.83,503.45,17950.0,18787.014
2025-11-23 22:15:00+01:00,104.0,511.26,17650.0,18717.736
2025-11-23 22:30:00+01:00,101.73,510.7,17450.0,18307.502
2025-11-23 22:45:00+01:00,100.07,510.85,17200.0,18096.968
2025-11-23 23:00:00+01:00,107.31,526.14,16900.0,17726.955
2025-11-23 23:15:00+01:00,107.78,578.54,16650.0,17660.769
2025-11-23 23:30:00+01:00,107.31,578.35,16400.0,17316.613
2025-11-23 23:45:00+01:00,107.31,578.47,16100.0,17226.053
